tx_hash,received_time,from_address,to_address,value_btc
9af41957244e97e70378a7afd2d41b73d0a64d94c9b2df9049c29dd1919741cb,2022-02-01T06:27:07Z,19ugyuSP6BtW9dQzfEw6wfeFNGSDwLidUB,bc1qazcm763858nkj2dj986etajv6wquslv8uxwczt,"=""0.29837084"""
9af41957244e97e70378a7afd2d41b73d0a64d94c9b2df9049c29dd1919741cb,2022-02-01T06:27:07Z,16Xxo6of7F3MpMjZgCmMRKp2ZPPyXBTU1j,bc1qazcm763858nkj2dj986etajv6wquslv8uxwczt,"=""0.29837084"""
9af41957244e97e70378a7afd2d41b73d0a64d94c9b2df9049c29dd1919741cb,2022-02-01T06:27:07Z,13jE999Hssm2GFf6Yob7zGCJtf1xnPPjHd,bc1qazcm763858nkj2dj986etajv6wquslv8uxwczt,"=""0.29837084"""
9af41957244e97e70378a7afd2d41b73d0a64d94c9b2df9049c29dd1919741cb,2022-02-01T06:27:07Z,1DUyQJD4WQorLND5AgrWfeWyaXexMjpiev,bc1qazcm763858nkj2dj986etajv6wquslv8uxwczt,"=""0.29837084"""
9af41957244e97e70378a7afd2d41b73d0a64d94c9b2df9049c29dd1919741cb,2022-02-01T06:27:07Z,18gCzWYisCFJn67aH2eB8GAcKd6WCwXEyV,bc1qazcm763858nkj2dj986etajv6wquslv8uxwczt,"=""0.29837084"""
9af41957244e97e70378a7afd2d41b73d0a64d94c9b2df9049c29dd1919741cb,2022-02-01T06:27:07Z,1Dv9Jd96qoRbw6sAWZSuZpJn7hwNLK6PQi,bc1qazcm763858nkj2dj986etajv6wquslv8uxwczt,"=""0.29837084"""
9af41957244e97e70378a7afd2d41b73d0a64d94c9b2df9049c29dd1919741cb,2022-02-01T06:27:07Z,13jE999Hssm2GFf6Yob7zGCJtf1xnPPjHd,bc1qazcm763858nkj2dj986etajv6wquslv8uxwczt,"=""0.29837084"""
9af41957244e97e70378a7afd2d41b73d0a64d94c9b2df9049c29dd1919741cb,2022-02-01T06:27:07Z,1QJYzL1XNjLw3LZrKGms4DVAYAfh1c9PhX,bc1qazcm763858nkj2dj986etajv6wquslv8uxwczt,"=""0.29837084"""
9af41957244e97e70378a7afd2d41b73d0a64d94c9b2df9049c29dd1919741cb,2022-02-01T06:27:07Z,16Xxo6of7F3MpMjZgCmMRKp2ZPPyXBTU1j,bc1qazcm763858nkj2dj986etajv6wquslv8uxwczt,"=""0.29837084"""
9af41957244e97e70378a7afd2d41b73d0a64d94c9b2df9049c29dd1919741cb,2022-02-01T06:27:07Z,1GytseWXyzGpmHkcv9uDzkU9D8pLaGyR5x,bc1qazcm763858nkj2dj986etajv6wquslv8uxwczt,"=""0.29837084"""
9af41957244e97e70378a7afd2d41b73d0a64d94c9b2df9049c29dd1919741cb,2022-02-01T06:27:07Z,18xR5fcA7g7kmd44HhQiAux6DskikcvHjb,bc1qazcm763858nkj2dj986etajv6wquslv8uxwczt,"=""0.29837084"""
9af41957244e97e70378a7afd2d41b73d0a64d94c9b2df9049c29dd1919741cb,2022-02-01T06:27:07Z,13e2syZfMGzEvqLe5LqyoWbXdWzkoig9Ma,bc1qazcm763858nkj2dj986etajv6wquslv8uxwczt,"=""0.29837084"""
9af41957244e97e70378a7afd2d41b73d0a64d94c9b2df9049c29dd1919741cb,2022-02-01T06:27:07Z,18xR5fcA7g7kmd44HhQiAux6DskikcvHjb,bc1qazcm763858nkj2dj986etajv6wquslv8uxwczt,"=""0.29837084"""
9af41957244e97e70378a7afd2d41b73d0a64d94c9b2df9049c29dd1919741cb,2022-02-01T06:27:07Z,1QJYzL1XNjLw3LZrKGms4DVAYAfh1c9PhX,bc1qazcm763858nkj2dj986etajv6wquslv8uxwczt,"=""0.29837084"""
9af41957244e97e70378a7afd2d41b73d0a64d94c9b2df9049c29dd1919741cb,2022-02-01T06:27:07Z,1JCNRgb2muZsMnb6oph5Jr3HoGzte2MGVd,bc1qazcm763858nkj2dj986etajv6wquslv8uxwczt,"=""0.29837084"""
9af41957244e97e70378a7afd2d41b73d0a64d94c9b2df9049c29dd1919741cb,2022-02-01T06:27:07Z,19ugyuSP6BtW9dQzfEw6wfeFNGSDwLidUB,bc1qazcm763858nkj2dj986etajv6wquslv8uxwczt,"=""0.29837084"""
9af41957244e97e70378a7afd2d41b73d0a64d94c9b2df9049c29dd1919741cb,2022-02-01T06:27:07Z,1BRUwVKT1Vsxe2uhbmrashJaQSxtxc4ind,bc1qazcm763858nkj2dj986etajv6wquslv8uxwczt,"=""0.29837084"""
9af41957244e97e70378a7afd2d41b73d0a64d94c9b2df9049c29dd1919741cb,2022-02-01T06:27:07Z,13jE999Hssm2GFf6Yob7zGCJtf1xnPPjHd,bc1qazcm763858nkj2dj986etajv6wquslv8uxwczt,"=""0.29837084"""
9af41957244e97e70378a7afd2d41b73d0a64d94c9b2df9049c29dd1919741cb,2022-02-01T06:27:07Z,1C3Vh4v2fa8Ahc8mLwQRdb7ByanJDsRCVm,bc1qazcm763858nkj2dj986etajv6wquslv8uxwczt,"=""0.29837084"""
9af41957244e97e70378a7afd2d41b73d0a64d94c9b2df9049c29dd1919741cb,2022-02-01T06:27:07Z,13jE999Hssm2GFf6Yob7zGCJtf1xnPPjHd,bc1qazcm763858nkj2dj986etajv6wquslv8uxwczt,"=""0.29837084"""
260b9d21ba59396b3f533b2be9de2158e1e92a0484fa0be353dcb6ba826e5d34,2021-04-14T17:32:53Z,13jE999Hssm2GFf6Yob7zGCJtf1xnPPjHd,39JSqVxe68U67GLvzTN1svCRZ4eCUKgjc2,"=""1.88271380"""
260b9d21ba59396b3f533b2be9de2158e1e92a0484fa0be353dcb6ba826e5d34,2021-04-14T17:32:53Z,13jE999Hssm2GFf6Yob7zGCJtf1xnPPjHd,3Nh2kyXJ7i7CELSKAQvQYWv1GUvrz2tztL,"=""2.77380117"""
260b9d21ba59396b3f533b2be9de2158e1e92a0484fa0be353dcb6ba826e5d34,2021-04-14T17:32:53Z,13jE999Hssm2GFf6Yob7zGCJtf1xnPPjHd,38CCBYSxVxKZhLFZDxV5JD3rGW7Ym4SbCj,"=""30.10629777"""
260b9d21ba59396b3f533b2be9de2158e1e92a0484fa0be353dcb6ba826e5d34,2021-04-14T17:32:53Z,13jE999Hssm2GFf6Yob7zGCJtf1xnPPjHd,3Dbt3DWGyHQ2surRYWcFfcGw2UgVjHbsnU,"=""31.61729925"""
260b9d21ba59396b3f533b2be9de2158e1e92a0484fa0be353dcb6ba826e5d34,2021-04-14T17:32:53Z,13jE999Hssm2GFf6Yob7zGCJtf1xnPPjHd,3M9V6kZRkVLZqFVbR6yFtAMmhp7U2vHiXp,"=""75.08371299"""
260b9d21ba59396b3f533b2be9de2158e1e92a0484fa0be353dcb6ba826e5d34,2021-04-14T17:32:53Z,13jE999Hssm2GFf6Yob7zGCJtf1xnPPjHd,3P345UdnwRLbGkyoujkroMes3VWMnh6kB7,"=""80.30146677"""
260b9d21ba59396b3f533b2be9de2158e1e92a0484fa0be353dcb6ba826e5d34,2021-04-14T17:32:53Z,13jE999Hssm2GFf6Yob7zGCJtf1xnPPjHd,31pEFq4W48A8BcMSoaWBUorrYv4WDqTUyF,"=""211.70299170"""
02aad33d18ad7586695e6316a33dc39ae7ae8e3549da8b3c25011a3a9351ef92,2021-04-14T14:12:39Z,bc1qmmhvkfpzsdsp32amjsshv4cvmud2cs7ha02vxl,1Lets1xxxx1use1xxxxxxxxxxxy2EaMkJ,"=""0.00000547"""
02aad33d18ad7586695e6316a33dc39ae7ae8e3549da8b3c25011a3a9351ef92,2021-04-14T14:12:39Z,bc1qmmhvkfpzsdsp32amjsshv4cvmud2cs7ha02vxl,1fuLL1xxxx1power1xxxxxxxxxxzatvCK,"=""0.00000547"""
02aad33d18ad7586695e6316a33dc39ae7ae8e3549da8b3c25011a3a9351ef92,2021-04-14T14:12:39Z,bc1qmmhvkfpzsdsp32amjsshv4cvmud2cs7ha02vxl,1of1xxxxx1anonymity1xxxxxxxz9JzFN,"=""0.00000547"""
02aad33d18ad7586695e6316a33dc39ae7ae8e3549da8b3c25011a3a9351ef92,2021-04-14T14:12:39Z,bc1qmmhvkfpzsdsp32amjsshv4cvmud2cs7ha02vxl,1See1xxxx1memo1xxxxxxxxxxxxxBuhPF,"=""0.00000547"""
02aad33d18ad7586695e6316a33dc39ae7ae8e3549da8b3c25011a3a9351ef92,2021-04-14T14:12:39Z,bc1qmmhvkfpzsdsp32amjsshv4cvmud2cs7ha02vxl,1dot1xxxxx1sv1xxxxxxxxxxxxxwYqEEt,"=""0.00000547"""
02aad33d18ad7586695e6316a33dc39ae7ae8e3549da8b3c25011a3a9351ef92,2021-04-14T14:12:39Z,bc1qmmhvkfpzsdsp32amjsshv4cvmud2cs7ha02vxl,1topic1xxx1hmwyda1xxxxxxxxxvo8wMn,"=""0.00000547"""
02aad33d18ad7586695e6316a33dc39ae7ae8e3549da8b3c25011a3a9351ef92,2021-04-14T14:12:39Z,bc1qmmhvkfpzsdsp32amjsshv4cvmud2cs7ha02vxl,1xxxxxxxxxxxxxxxxxxxxxxxxxy1kmdGr,"=""0.00000547"""
02aad33d18ad7586695e6316a33dc39ae7ae8e3549da8b3c25011a3a9351ef92,2021-04-14T14:12:39Z,bc1qmmhvkfpzsdsp32amjsshv4cvmud2cs7ha02vxl,12kaC7HRNUNi9EBFbiMPAQGB45xXkz7mp3,"=""0.00000547"""
02aad33d18ad7586695e6316a33dc39ae7ae8e3549da8b3c25011a3a9351ef92,2021-04-14T14:12:39Z,bc1qmmhvkfpzsdsp32amjsshv4cvmud2cs7ha02vxl,1NoN4hfM5ib7h84iqULf19XcYngxpigZay,"=""0.00000547"""
02aad33d18ad7586695e6316a33dc39ae7ae8e3549da8b3c25011a3a9351ef92,2021-04-14T14:12:39Z,bc1qmmhvkfpzsdsp32amjsshv4cvmud2cs7ha02vxl,3DG87WQBYf4Xxw6pyYcwYgPmrFTtiT8GJa,"=""0.00000547"""
02aad33d18ad7586695e6316a33dc39ae7ae8e3549da8b3c25011a3a9351ef92,2021-04-14T14:12:39Z,bc1qmmhvkfpzsdsp32amjsshv4cvmud2cs7ha02vxl,18gCzWYisCFJn67aH2eB8GAcKd6WCwXEyV,"=""0.00000547"""
02aad33d18ad7586695e6316a33dc39ae7ae8e3549da8b3c25011a3a9351ef92,2021-04-14T14:12:39Z,bc1qmmhvkfpzsdsp32amjsshv4cvmud2cs7ha02vxl,3BMEXyoQyVgDWchEUNgKZTM8GM3VapAgxF,"=""0.00000547"""
02aad33d18ad7586695e6316a33dc39ae7ae8e3549da8b3c25011a3a9351ef92,2021-04-14T14:12:39Z,bc1qmmhvkfpzsdsp32amjsshv4cvmud2cs7ha02vxl,1AJ3Ddp1jW185jvP8u14eUNxBsgyQDgb7o,"=""0.00000547"""
02aad33d18ad7586695e6316a33dc39ae7ae8e3549da8b3c25011a3a9351ef92,2021-04-14T14:12:39Z,bc1qmmhvkfpzsdsp32amjsshv4cvmud2cs7ha02vxl,3M7RLDpqPmde6xbqFW5fqeQnWsC2EMWevE,"=""0.00000547"""
02aad33d18ad7586695e6316a33dc39ae7ae8e3549da8b3c25011a3a9351ef92,2021-04-14T14:12:39Z,bc1qmmhvkfpzsdsp32amjsshv4cvmud2cs7ha02vxl,19ueTU4yGwwrjYEEc3iGmgGkYZKxVCHtUv,"=""0.00000547"""
02aad33d18ad7586695e6316a33dc39ae7ae8e3549da8b3c25011a3a9351ef92,2021-04-14T14:12:39Z,bc1qmmhvkfpzsdsp32amjsshv4cvmud2cs7ha02vxl,16oe9vb2waZhaUwiJ2mZZCixNbyJz8Cjwy,"=""0.00000547"""
02aad33d18ad7586695e6316a33dc39ae7ae8e3549da8b3c25011a3a9351ef92,2021-04-14T14:12:39Z,bc1qmmhvkfpzsdsp32amjsshv4cvmud2cs7ha02vxl,19NEnMYwDSggVaYSvNts2NXXCdwcgWBGah,"=""0.00000547"""
02aad33d18ad7586695e6316a33dc39ae7ae8e3549da8b3c25011a3a9351ef92,2021-04-14T14:12:39Z,bc1qmmhvkfpzsdsp32amjsshv4cvmud2cs7ha02vxl,19QtxDUEgGPs5VnYDKSdXvTX5y36GJ5KuD,"=""0.00000547"""
02aad33d18ad7586695e6316a33dc39ae7ae8e3549da8b3c25011a3a9351ef92,2021-04-14T14:12:39Z,bc1qmmhvkfpzsdsp32amjsshv4cvmud2cs7ha02vxl,3BuqUqU3dHxiQBrfpgT1n7AiM3SoePbe8n,"=""0.00000547"""
02aad33d18ad7586695e6316a33dc39ae7ae8e3549da8b3c25011a3a9351ef92,2021-04-14T14:12:39Z,bc1qmmhvkfpzsdsp32amjsshv4cvmud2cs7ha02vxl,1GtxkGYsfLGmarZrJF56ocgeTGH7wNARPR,"=""0.00000547"""
09cd9447e9560c302b0953ed7ca894dce705f98632fab36601b3dc5b0cefc982,2021-03-23T05:22:03Z,bc1qzzjz2ys79stqnmghn0eq0pf4u58qh94jewzad7,1Lets1xxxx1use1xxxxxxxxxxxy2EaMkJ,"=""0.00000547"""
09cd9447e9560c302b0953ed7ca894dce705f98632fab36601b3dc5b0cefc982,2021-03-23T05:22:03Z,bc1qzzjz2ys79stqnmghn0eq0pf4u58qh94jewzad7,1fuLL1xxxx1power1xxxxxxxxxxzatvCK,"=""0.00000547"""
09cd9447e9560c302b0953ed7ca894dce705f98632fab36601b3dc5b0cefc982,2021-03-23T05:22:03Z,bc1qzzjz2ys79stqnmghn0eq0pf4u58qh94jewzad7,1of1xxxxx1anonymity1xxxxxxxz9JzFN,"=""0.00000547"""
09cd9447e9560c302b0953ed7ca894dce705f98632fab36601b3dc5b0cefc982,2021-03-23T05:22:03Z,bc1qzzjz2ys79stqnmghn0eq0pf4u58qh94jewzad7,1See1xxxx1memo1xxxxxxxxxxxxxBuhPF,"=""0.00000547"""
09cd9447e9560c302b0953ed7ca894dce705f98632fab36601b3dc5b0cefc982,2021-03-23T05:22:03Z,bc1qzzjz2ys79stqnmghn0eq0pf4u58qh94jewzad7,1dot1xxxxx1sv1xxxxxxxxxxxxxwYqEEt,"=""0.00000547"""
09cd9447e9560c302b0953ed7ca894dce705f98632fab36601b3dc5b0cefc982,2021-03-23T05:22:03Z,bc1qzzjz2ys79stqnmghn0eq0pf4u58qh94jewzad7,1topic1xxx1hmwyda1xxxxxxxxxvo8wMn,"=""0.00000547"""
09cd9447e9560c302b0953ed7ca894dce705f98632fab36601b3dc5b0cefc982,2021-03-23T05:22:03Z,bc1qzzjz2ys79stqnmghn0eq0pf4u58qh94jewzad7,1xxxxxxxxxxxxxxxxxxxxxxxxxy1kmdGr,"=""0.00000547"""
09cd9447e9560c302b0953ed7ca894dce705f98632fab36601b3dc5b0cefc982,2021-03-23T05:22:03Z,bc1qzzjz2ys79stqnmghn0eq0pf4u58qh94jewzad7,32CDQAVK1EyxTFmpQtGEwnXojSuLwgbzuR,"=""0.00000547"""
09cd9447e9560c302b0953ed7ca894dce705f98632fab36601b3dc5b0cefc982,2021-03-23T05:22:03Z,bc1qzzjz2ys79stqnmghn0eq0pf4u58qh94jewzad7,1NY2d5qb99KatzWwP5aKSgN18m5gCXR7HD,"=""0.00000547"""
09cd9447e9560c302b0953ed7ca894dce705f98632fab36601b3dc5b0cefc982,2021-03-23T05:22:03Z,bc1qzzjz2ys79stqnmghn0eq0pf4u58qh94jewzad7,3AYg6koXiXWa3kRFATQqP7zSCL4vAWbgLP,"=""0.00000547"""
09cd9447e9560c302b0953ed7ca894dce705f98632fab36601b3dc5b0cefc982,2021-03-23T05:22:03Z,bc1qzzjz2ys79stqnmghn0eq0pf4u58qh94jewzad7,3QE5CqngomERwthQyKxua1SniYKEkth8Ua,"=""0.00000547"""
09cd9447e9560c302b0953ed7ca894dce705f98632fab36601b3dc5b0cefc982,2021-03-23T05:22:03Z,bc1qzzjz2ys79stqnmghn0eq0pf4u58qh94jewzad7,15WUGm6CWjszy7DRKh5qcxKnpXDcnLyZt7,"=""0.00000547"""
09cd9447e9560c302b0953ed7ca894dce705f98632fab36601b3dc5b0cefc982,2021-03-23T05:22:03Z,bc1qzzjz2ys79stqnmghn0eq0pf4u58qh94jewzad7,342osu4QfbAPj85nXfzgStxwu9LspbLGts,"=""0.00000547"""
09cd9447e9560c302b0953ed7ca894dce705f98632fab36601b3dc5b0cefc982,2021-03-23T05:22:03Z,bc1qzzjz2ys79stqnmghn0eq0pf4u58qh94jewzad7,1HwrZ3Q7nZ2QPDpwiGWSjDXLXk3HnJAYvU,"=""0.00000547"""
09cd9447e9560c302b0953ed7ca894dce705f98632fab36601b3dc5b0cefc982,2021-03-23T05:22:03Z,bc1qzzjz2ys79stqnmghn0eq0pf4u58qh94jewzad7,3QPRZy4SmgKC4fFYm3MF7vZmGpKKMYDxUv,"=""0.00000547"""
09cd9447e9560c302b0953ed7ca894dce705f98632fab36601b3dc5b0cefc982,2021-03-23T05:22:03Z,bc1qzzjz2ys79stqnmghn0eq0pf4u58qh94jewzad7,3GcF5v41cn4FCvzpaV5BkUuDxVvczZAYk9,"=""0.00000547"""
09cd9447e9560c302b0953ed7ca894dce705f98632fab36601b3dc5b0cefc982,2021-03-23T05:22:03Z,bc1qzzjz2ys79stqnmghn0eq0pf4u58qh94jewzad7,3DJMDDrXEcbcXD6fSFnsBG25jn1sXy78LE,"=""0.00000547"""
09cd9447e9560c302b0953ed7ca894dce705f98632fab36601b3dc5b0cefc982,2021-03-23T05:22:03Z,bc1qzzjz2ys79stqnmghn0eq0pf4u58qh94jewzad7,3LyJTCaNcMmGCo4ZtL85AqRjhfx1vUUVNp,"=""0.00000547"""
09cd9447e9560c302b0953ed7ca894dce705f98632fab36601b3dc5b0cefc982,2021-03-23T05:22:03Z,bc1qzzjz2ys79stqnmghn0eq0pf4u58qh94jewzad7,1GHW43NsLTETydBakSZRkgfA5SE92mztX6,"=""0.00000547"""
09cd9447e9560c302b0953ed7ca894dce705f98632fab36601b3dc5b0cefc982,2021-03-23T05:22:03Z,bc1qzzjz2ys79stqnmghn0eq0pf4u58qh94jewzad7,3NVMeW9CD28fvZtDZxXaW65BTN4aFHRxru,"=""0.00000547"""
73296e073b6f646abff05df0eb3c05c4cd12ae304800dc8f69cc10758e2c8331,2021-02-28T18:13:05Z,bc1qaxrhm63lqcxtgzmzxj60yetcyadv9sy9pggwvz,1Lets1xxxx1use1xxxxxxxxxxxy2EaMkJ,"=""0.00000547"""
73296e073b6f646abff05df0eb3c05c4cd12ae304800dc8f69cc10758e2c8331,2021-02-28T18:13:05Z,bc1qaxrhm63lqcxtgzmzxj60yetcyadv9sy9pggwvz,1fuLL1xxxx1power1xxxxxxxxxxzatvCK,"=""0.00000547"""
73296e073b6f646abff05df0eb3c05c4cd12ae304800dc8f69cc10758e2c8331,2021-02-28T18:13:05Z,bc1qaxrhm63lqcxtgzmzxj60yetcyadv9sy9pggwvz,1of1xxxxx1anonymity1xxxxxxxz9JzFN,"=""0.00000547"""
73296e073b6f646abff05df0eb3c05c4cd12ae304800dc8f69cc10758e2c8331,2021-02-28T18:13:05Z,bc1qaxrhm63lqcxtgzmzxj60yetcyadv9sy9pggwvz,1See1xxxx1memo1xxxxxxxxxxxxxBuhPF,"=""0.00000547"""
73296e073b6f646abff05df0eb3c05c4cd12ae304800dc8f69cc10758e2c8331,2021-02-28T18:13:05Z,bc1qaxrhm63lqcxtgzmzxj60yetcyadv9sy9pggwvz,1dot1xxxxx1sv1xxxxxxxxxxxxxwYqEEt,"=""0.00000547"""
73296e073b6f646abff05df0eb3c05c4cd12ae304800dc8f69cc10758e2c8331,2021-02-28T18:13:05Z,bc1qaxrhm63lqcxtgzmzxj60yetcyadv9sy9pggwvz,1topic1xxx1hmwyda1xxxxxxxxxvo8wMn,"=""0.00000547"""
73296e073b6f646abff05df0eb3c05c4cd12ae304800dc8f69cc10758e2c8331,2021-02-28T18:13:05Z,bc1qaxrhm63lqcxtgzmzxj60yetcyadv9sy9pggwvz,1xxxxxxxxxxxxxxxxxxxxxxxxxy1kmdGr,"=""0.00000547"""
73296e073b6f646abff05df0eb3c05c4cd12ae304800dc8f69cc10758e2c8331,2021-02-28T18:13:05Z,bc1qaxrhm63lqcxtgzmzxj60yetcyadv9sy9pggwvz,3MbFZ5zrGXVtGmtKcNDLjvV1gD6aJahZWE,"=""0.00000547"""
73296e073b6f646abff05df0eb3c05c4cd12ae304800dc8f69cc10758e2c8331,2021-02-28T18:13:05Z,bc1qaxrhm63lqcxtgzmzxj60yetcyadv9sy9pggwvz,18KrDiprwwCSruSa8xsrhHu4PfTG8JfJWW,"=""0.00000547"""
73296e073b6f646abff05df0eb3c05c4cd12ae304800dc8f69cc10758e2c8331,2021-02-28T18:13:05Z,bc1qaxrhm63lqcxtgzmzxj60yetcyadv9sy9pggwvz,3PEKHU9LkmHSbWQUhL7jrQG6ZGTpVib28s,"=""0.00000547"""
73296e073b6f646abff05df0eb3c05c4cd12ae304800dc8f69cc10758e2c8331,2021-02-28T18:13:05Z,bc1qaxrhm63lqcxtgzmzxj60yetcyadv9sy9pggwvz,3GxRbvciK2CwYxEUzntzs7KSV9wHaSfdXP,"=""0.00000547"""
73296e073b6f646abff05df0eb3c05c4cd12ae304800dc8f69cc10758e2c8331,2021-02-28T18:13:05Z,bc1qaxrhm63lqcxtgzmzxj60yetcyadv9sy9pggwvz,32qpvpX9DuefqGFmw9h6MJS95fgAP4w2gq,"=""0.00000547"""
73296e073b6f646abff05df0eb3c05c4cd12ae304800dc8f69cc10758e2c8331,2021-02-28T18:13:05Z,bc1qaxrhm63lqcxtgzmzxj60yetcyadv9sy9pggwvz,3HJkdrJvEeyPcpP8mx1Riq8TsTc2hF3bcg,"=""0.00000547"""
73296e073b6f646abff05df0eb3c05c4cd12ae304800dc8f69cc10758e2c8331,2021-02-28T18:13:05Z,bc1qaxrhm63lqcxtgzmzxj60yetcyadv9sy9pggwvz,1BhjYFKUxGkpMeMnBH8nGr9ef2jbmGsJWh,"=""0.00000547"""
73296e073b6f646abff05df0eb3c05c4cd12ae304800dc8f69cc10758e2c8331,2021-02-28T18:13:05Z,bc1qaxrhm63lqcxtgzmzxj60yetcyadv9sy9pggwvz,15WUGm6CWjszy7DRKh5qcxKnpXDcnLyZt7,"=""0.00000547"""
73296e073b6f646abff05df0eb3c05c4cd12ae304800dc8f69cc10758e2c8331,2021-02-28T18:13:05Z,bc1qaxrhm63lqcxtgzmzxj60yetcyadv9sy9pggwvz,3ENpSyX3dm2FwHvqqtavYZPQhr2v92Xkzs,"=""0.00000547"""
73296e073b6f646abff05df0eb3c05c4cd12ae304800dc8f69cc10758e2c8331,2021-02-28T18:13:05Z,bc1qaxrhm63lqcxtgzmzxj60yetcyadv9sy9pggwvz,139zswpgwYzrShLPRPidKoB1weskDP9VQh,"=""0.00000547"""
73296e073b6f646abff05df0eb3c05c4cd12ae304800dc8f69cc10758e2c8331,2021-02-28T18:13:05Z,bc1qaxrhm63lqcxtgzmzxj60yetcyadv9sy9pggwvz,3Q6Bqy6NaMzUG9oZQPsp4oZVFjPz1dJgkr,"=""0.00000547"""
73296e073b6f646abff05df0eb3c05c4cd12ae304800dc8f69cc10758e2c8331,2021-02-28T18:13:05Z,bc1qaxrhm63lqcxtgzmzxj60yetcyadv9sy9pggwvz,341D1b47uAHYTrMJ2Jt7umwT1fJUPfgHYf,"=""0.00000547"""
73296e073b6f646abff05df0eb3c05c4cd12ae304800dc8f69cc10758e2c8331,2021-02-28T18:13:05Z,bc1qaxrhm63lqcxtgzmzxj60yetcyadv9sy9pggwvz,13h3W1YvgMY2MMY97y6zxnP4x7XKDwkgDn,"=""0.00000547"""
e872eacdac4702ccfec2453a81e424fa7d0970f71b4ea7bcd39d51d9da49ef3e,2021-01-31T08:16:10Z,bc1q20unf02h40dlsa5d03463wjeal06ez5qwxja8c,1Lets1xxxx1use1xxxxxxxxxxxy2EaMkJ,"=""0.00000547"""
e872eacdac4702ccfec2453a81e424fa7d0970f71b4ea7bcd39d51d9da49ef3e,2021-01-31T08:16:10Z,bc1q20unf02h40dlsa5d03463wjeal06ez5qwxja8c,1fuLL1xxxx1power1xxxxxxxxxxzatvCK,"=""0.00000547"""
e872eacdac4702ccfec2453a81e424fa7d0970f71b4ea7bcd39d51d9da49ef3e,2021-01-31T08:16:10Z,bc1q20unf02h40dlsa5d03463wjeal06ez5qwxja8c,1of1xxxxx1anonymity1xxxxxxxz9JzFN,"=""0.00000547"""
e872eacdac4702ccfec2453a81e424fa7d0970f71b4ea7bcd39d51d9da49ef3e,2021-01-31T08:16:10Z,bc1q20unf02h40dlsa5d03463wjeal06ez5qwxja8c,1See1xxxx1memo1xxxxxxxxxxxxxBuhPF,"=""0.00000547"""
e872eacdac4702ccfec2453a81e424fa7d0970f71b4ea7bcd39d51d9da49ef3e,2021-01-31T08:16:10Z,bc1q20unf02h40dlsa5d03463wjeal06ez5qwxja8c,1dot1xxxxx1sv1xxxxxxxxxxxxxwYqEEt,"=""0.00000547"""
e872eacdac4702ccfec2453a81e424fa7d0970f71b4ea7bcd39d51d9da49ef3e,2021-01-31T08:16:10Z,bc1q20unf02h40dlsa5d03463wjeal06ez5qwxja8c,1topic1xxx1hmwyda1xxxxxxxxxvo8wMn,"=""0.00000547"""
e872eacdac4702ccfec2453a81e424fa7d0970f71b4ea7bcd39d51d9da49ef3e,2021-01-31T08:16:10Z,bc1q20unf02h40dlsa5d03463wjeal06ez5qwxja8c,1xxxxxxxxxxxxxxxxxxxxxxxxxy1kmdGr,"=""0.00000547"""
e872eacdac4702ccfec2453a81e424fa7d0970f71b4ea7bcd39d51d9da49ef3e,2021-01-31T08:16:10Z,bc1q20unf02h40dlsa5d03463wjeal06ez5qwxja8c,15aQxAdQynyr1iQ61BFBeKidXf4dN1rJhN,"=""0.00000547"""
e872eacdac4702ccfec2453a81e424fa7d0970f71b4ea7bcd39d51d9da49ef3e,2021-01-31T08:16:10Z,bc1q20unf02h40dlsa5d03463wjeal06ez5qwxja8c,3PuyyWnGd22awNrmkvcdUZEFbhEkeonNUp,"=""0.00000547"""
e872eacdac4702ccfec2453a81e424fa7d0970f71b4ea7bcd39d51d9da49ef3e,2021-01-31T08:16:10Z,bc1q20unf02h40dlsa5d03463wjeal06ez5qwxja8c,3DP1NV1niXZGKcKfhykdgpfymDfNPSJsQt,"=""0.00000547"""
e872eacdac4702ccfec2453a81e424fa7d0970f71b4ea7bcd39d51d9da49ef3e,2021-01-31T08:16:10Z,bc1q20unf02h40dlsa5d03463wjeal06ez5qwxja8c,19tLkoYSzKUWDz5P23CyCE4iCuxfzU3jkV,"=""0.00000547"""
e872eacdac4702ccfec2453a81e424fa7d0970f71b4ea7bcd39d51d9da49ef3e,2021-01-31T08:16:10Z,bc1q20unf02h40dlsa5d03463wjeal06ez5qwxja8c,18hUHpVP4zZQy2FSs7kJHMP4vfQ2pN9nNE,"=""0.00000547"""
e872eacdac4702ccfec2453a81e424fa7d0970f71b4ea7bcd39d51d9da49ef3e,2021-01-31T08:16:10Z,bc1q20unf02h40dlsa5d03463wjeal06ez5qwxja8c,1CJchGjrHsFmWcD79QaByiPmEKt8SyFwsZ,"=""0.00000547"""
e872eacdac4702ccfec2453a81e424fa7d0970f71b4ea7bcd39d51d9da49ef3e,2021-01-31T08:16:10Z,bc1q20unf02h40dlsa5d03463wjeal06ez5qwxja8c,13JgHx5UXqb5h5Dd8ARJkiwGTqUFsjS6UK,"=""0.00000547"""
e872eacdac4702ccfec2453a81e424fa7d0970f71b4ea7bcd39d51d9da49ef3e,2021-01-31T08:16:10Z,bc1q20unf02h40dlsa5d03463wjeal06ez5qwxja8c,1Bo29EsJ5a7UfGD9biWJyxux3QkPjwdobS,"=""0.00000547"""
e872eacdac4702ccfec2453a81e424fa7d0970f71b4ea7bcd39d51d9da49ef3e,2021-01-31T08:16:10Z,bc1q20unf02h40dlsa5d03463wjeal06ez5qwxja8c,151fj5B48hgDtffjNtYRHB3yYgQtzgTMpq,"=""0.00000547"""
e872eacdac4702ccfec2453a81e424fa7d0970f71b4ea7bcd39d51d9da49ef3e,2021-01-31T08:16:10Z,bc1q20unf02h40dlsa5d03463wjeal06ez5qwxja8c,19sQKAvLTNpnBDFu58eapDUiHZLfb6tRvN,"=""0.00000547"""
e872eacdac4702ccfec2453a81e424fa7d0970f71b4ea7bcd39d51d9da49ef3e,2021-01-31T08:16:10Z,bc1q20unf02h40dlsa5d03463wjeal06ez5qwxja8c,1LWrDVac3haHi3mMhRJpJydvyjQ3UTT8Tm,"=""0.00000547"""
e872eacdac4702ccfec2453a81e424fa7d0970f71b4ea7bcd39d51d9da49ef3e,2021-01-31T08:16:10Z,bc1q20unf02h40dlsa5d03463wjeal06ez5qwxja8c,3AMPudPKtvWVPARYyoCdP6xHSF6tjznPXG,"=""0.00000547"""
e872eacdac4702ccfec2453a81e424fa7d0970f71b4ea7bcd39d51d9da49ef3e,2021-01-31T08:16:10Z,bc1q20unf02h40dlsa5d03463wjeal06ez5qwxja8c,1GHZyr4n5UgnJC7tmHQXdDyvsojwQ7r8Ef,"=""0.00000547"""
979e1c378ebd2af788c5d5723afb8227c581a72633b2c7bffff3226a1828df10,2021-01-16T09:19:07Z,bc1q2ne67lrzrcjt0uckk4uh65wlhxex2cx7tk88gy,1Lets1xxxx1use1xxxxxxxxxxxy2EaMkJ,"=""0.00000547"""
979e1c378ebd2af788c5d5723afb8227c581a72633b2c7bffff3226a1828df10,2021-01-16T09:19:07Z,bc1q2ne67lrzrcjt0uckk4uh65wlhxex2cx7tk88gy,1fuLL1xxxx1power1xxxxxxxxxxzatvCK,"=""0.00000547"""
979e1c378ebd2af788c5d5723afb8227c581a72633b2c7bffff3226a1828df10,2021-01-16T09:19:07Z,bc1q2ne67lrzrcjt0uckk4uh65wlhxex2cx7tk88gy,1of1xxxxx1anonymity1xxxxxxxz9JzFN,"=""0.00000547"""
979e1c378ebd2af788c5d5723afb8227c581a72633b2c7bffff3226a1828df10,2021-01-16T09:19:07Z,bc1q2ne67lrzrcjt0uckk4uh65wlhxex2cx7tk88gy,1See1xxxx1memo1xxxxxxxxxxxxxBuhPF,"=""0.00000547"""
979e1c378ebd2af788c5d5723afb8227c581a72633b2c7bffff3226a1828df10,2021-01-16T09:19:07Z,bc1q2ne67lrzrcjt0uckk4uh65wlhxex2cx7tk88gy,1dot1xxxxx1sv1xxxxxxxxxxxxxwYqEEt,"=""0.00000547"""
979e1c378ebd2af788c5d5723afb8227c581a72633b2c7bffff3226a1828df10,2021-01-16T09:19:07Z,bc1q2ne67lrzrcjt0uckk4uh65wlhxex2cx7tk88gy,1topic1xxx1hmwyda1xxxxxxxxxvo8wMn,"=""0.00000547"""
979e1c378ebd2af788c5d5723afb8227c581a72633b2c7bffff3226a1828df10,2021-01-16T09:19:07Z,bc1q2ne67lrzrcjt0uckk4uh65wlhxex2cx7tk88gy,1xxxxxxxxxxxxxxxxxxxxxxxxxy1kmdGr,"=""0.00000547"""
979e1c378ebd2af788c5d5723afb8227c581a72633b2c7bffff3226a1828df10,2021-01-16T09:19:07Z,bc1q2ne67lrzrcjt0uckk4uh65wlhxex2cx7tk88gy,1C1fD1aSy6n3AfSDaKebmt4S4MWbmXEnjb,"=""0.00000547"""
979e1c378ebd2af788c5d5723afb8227c581a72633b2c7bffff3226a1828df10,2021-01-16T09:19:07Z,bc1q2ne67lrzrcjt0uckk4uh65wlhxex2cx7tk88gy,3Q2RyHav4PffrZQu6pJ5LZDPVbixXJ6b5w,"=""0.00000547"""
979e1c378ebd2af788c5d5723afb8227c581a72633b2c7bffff3226a1828df10,2021-01-16T09:19:07Z,bc1q2ne67lrzrcjt0uckk4uh65wlhxex2cx7tk88gy,bc1qqpqaw8mt6vcpsqh4axluenft2mdvdhqnyyzswg,"=""0.00000547"""
979e1c378ebd2af788c5d5723afb8227c581a72633b2c7bffff3226a1828df10,2021-01-16T09:19:07Z,bc1q2ne67lrzrcjt0uckk4uh65wlhxex2cx7tk88gy,1LfCxhQx2oVxYyfapgxohbxwSAXmRrZNgu,"=""0.00000547"""
979e1c378ebd2af788c5d5723afb8227c581a72633b2c7bffff3226a1828df10,2021-01-16T09:19:07Z,bc1q2ne67lrzrcjt0uckk4uh65wlhxex2cx7tk88gy,16hVDn7hBUeTGNwnSAk1spEURQNQpsKt5S,"=""0.00000547"""
979e1c378ebd2af788c5d5723afb8227c581a72633b2c7bffff3226a1828df10,2021-01-16T09:19:07Z,bc1q2ne67lrzrcjt0uckk4uh65wlhxex2cx7tk88gy,bc1q3kq3952scs8h090lqzyncekdyzzxqpz632xqdc,"=""0.00000547"""
979e1c378ebd2af788c5d5723afb8227c581a72633b2c7bffff3226a1828df10,2021-01-16T09:19:07Z,bc1q2ne67lrzrcjt0uckk4uh65wlhxex2cx7tk88gy,bc1qa0e23ay54uswfnxrcqjea73dncxkapuwg0r2yd,"=""0.00000547"""
979e1c378ebd2af788c5d5723afb8227c581a72633b2c7bffff3226a1828df10,2021-01-16T09:19:07Z,bc1q2ne67lrzrcjt0uckk4uh65wlhxex2cx7tk88gy,1PQ1na2wrqtCvHK4BdPWcCfP35fYb7NLz9,"=""0.00000547"""
979e1c378ebd2af788c5d5723afb8227c581a72633b2c7bffff3226a1828df10,2021-01-16T09:19:07Z,bc1q2ne67lrzrcjt0uckk4uh65wlhxex2cx7tk88gy,3NFjWiX5H2ZokMUTeCixkQih2nNFqPT3YJ,"=""0.00000547"""
979e1c378ebd2af788c5d5723afb8227c581a72633b2c7bffff3226a1828df10,2021-01-16T09:19:07Z,bc1q2ne67lrzrcjt0uckk4uh65wlhxex2cx7tk88gy,199EWQqaEfosXur2GSubEbM9K9pHUnN9yu,"=""0.00000547"""
979e1c378ebd2af788c5d5723afb8227c581a72633b2c7bffff3226a1828df10,2021-01-16T09:19:07Z,bc1q2ne67lrzrcjt0uckk4uh65wlhxex2cx7tk88gy,14L7AbSdRNRo6JM7paRBgjSQjBRLouy2mG,"=""0.00000547"""
979e1c378ebd2af788c5d5723afb8227c581a72633b2c7bffff3226a1828df10,2021-01-16T09:19:07Z,bc1q2ne67lrzrcjt0uckk4uh65wlhxex2cx7tk88gy,3Pv6XFfwWqiKnUVJwkEtK98v1GDuAfSDbp,"=""0.00000547"""
979e1c378ebd2af788c5d5723afb8227c581a72633b2c7bffff3226a1828df10,2021-01-16T09:19:07Z,bc1q2ne67lrzrcjt0uckk4uh65wlhxex2cx7tk88gy,1JjGcEKih38cKLP6wDtwLowgQLqhV9QSC7,"=""0.00000547"""
627342d33c0e7558e916ec8e0c2bad1a383f5c97e2c51bd4c0c52247282426ea,2020-12-29T14:24:35Z,bc1qr65m4xfpx6mfhjztupfczk3jkw2xlw5ty6j2pp,1Lets1xxxx1use1xxxxxxxxxxxy2EaMkJ,"=""0.00000547"""
627342d33c0e7558e916ec8e0c2bad1a383f5c97e2c51bd4c0c52247282426ea,2020-12-29T14:24:35Z,bc1qr65m4xfpx6mfhjztupfczk3jkw2xlw5ty6j2pp,1fuLL1xxxx1power1xxxxxxxxxxzatvCK,"=""0.00000547"""
627342d33c0e7558e916ec8e0c2bad1a383f5c97e2c51bd4c0c52247282426ea,2020-12-29T14:24:35Z,bc1qr65m4xfpx6mfhjztupfczk3jkw2xlw5ty6j2pp,1of1xxxxx1anonymity1xxxxxxxz9JzFN,"=""0.00000547"""
627342d33c0e7558e916ec8e0c2bad1a383f5c97e2c51bd4c0c52247282426ea,2020-12-29T14:24:35Z,bc1qr65m4xfpx6mfhjztupfczk3jkw2xlw5ty6j2pp,1See1xxxx1memo1xxxxxxxxxxxxxBuhPF,"=""0.00000547"""
627342d33c0e7558e916ec8e0c2bad1a383f5c97e2c51bd4c0c52247282426ea,2020-12-29T14:24:35Z,bc1qr65m4xfpx6mfhjztupfczk3jkw2xlw5ty6j2pp,1dot1xxxxx1sv1xxxxxxxxxxxxxwYqEEt,"=""0.00000547"""
627342d33c0e7558e916ec8e0c2bad1a383f5c97e2c51bd4c0c52247282426ea,2020-12-29T14:24:35Z,bc1qr65m4xfpx6mfhjztupfczk3jkw2xlw5ty6j2pp,1topic1xxx1hmwyda1xxxxxxxxxvo8wMn,"=""0.00000547"""
627342d33c0e7558e916ec8e0c2bad1a383f5c97e2c51bd4c0c52247282426ea,2020-12-29T14:24:35Z,bc1qr65m4xfpx6mfhjztupfczk3jkw2xlw5ty6j2pp,1xxxxxxxxxxxxxxxxxxxxxxxxxy1kmdGr,"=""0.00000547"""
627342d33c0e7558e916ec8e0c2bad1a383f5c97e2c51bd4c0c52247282426ea,2020-12-29T14:24:35Z,bc1qr65m4xfpx6mfhjztupfczk3jkw2xlw5ty6j2pp,39dzaEEeKconwd2gbeGWJ8LfTHJ4y4AzUy,"=""0.00000547"""
627342d33c0e7558e916ec8e0c2bad1a383f5c97e2c51bd4c0c52247282426ea,2020-12-29T14:24:35Z,bc1qr65m4xfpx6mfhjztupfczk3jkw2xlw5ty6j2pp,17kUnST87R5XQkxc6mihbHt8E1X2NqLDvV,"=""0.00000547"""
627342d33c0e7558e916ec8e0c2bad1a383f5c97e2c51bd4c0c52247282426ea,2020-12-29T14:24:35Z,bc1qr65m4xfpx6mfhjztupfczk3jkw2xlw5ty6j2pp,38KQDkyczx88f9hh3TYD8sLK2GhbwpjAxC,"=""0.00000547"""
627342d33c0e7558e916ec8e0c2bad1a383f5c97e2c51bd4c0c52247282426ea,2020-12-29T14:24:35Z,bc1qr65m4xfpx6mfhjztupfczk3jkw2xlw5ty6j2pp,37TwtSFT3a3UGPvnvksiTayFQNRzBoaruv,"=""0.00000547"""
627342d33c0e7558e916ec8e0c2bad1a383f5c97e2c51bd4c0c52247282426ea,2020-12-29T14:24:35Z,bc1qr65m4xfpx6mfhjztupfczk3jkw2xlw5ty6j2pp,1DWfX6ARP3G8X5fjZxq4EknbTQjTamQsms,"=""0.00000547"""
627342d33c0e7558e916ec8e0c2bad1a383f5c97e2c51bd4c0c52247282426ea,2020-12-29T14:24:35Z,bc1qr65m4xfpx6mfhjztupfczk3jkw2xlw5ty6j2pp,3ArRksSxazomrCZjpyj2mRCur1Txbzy4cm,"=""0.00000547"""
627342d33c0e7558e916ec8e0c2bad1a383f5c97e2c51bd4c0c52247282426ea,2020-12-29T14:24:35Z,bc1qr65m4xfpx6mfhjztupfczk3jkw2xlw5ty6j2pp,1BH6FqZbeAFwSkXHnSfZTUpQgNWCR4hEYs,"=""0.00000547"""
627342d33c0e7558e916ec8e0c2bad1a383f5c97e2c51bd4c0c52247282426ea,2020-12-29T14:24:35Z,bc1qr65m4xfpx6mfhjztupfczk3jkw2xlw5ty6j2pp,385woCL7nsFFCRAgot7VSeUkZt3zkoq3wf,"=""0.00000547"""
627342d33c0e7558e916ec8e0c2bad1a383f5c97e2c51bd4c0c52247282426ea,2020-12-29T14:24:35Z,bc1qr65m4xfpx6mfhjztupfczk3jkw2xlw5ty6j2pp,1BDwsVLTxds16X6HL3xVVgyFLHcduiQ8yy,"=""0.00000547"""
627342d33c0e7558e916ec8e0c2bad1a383f5c97e2c51bd4c0c52247282426ea,2020-12-29T14:24:35Z,bc1qr65m4xfpx6mfhjztupfczk3jkw2xlw5ty6j2pp,39fzsbZw8eTKEr9Ggp954jMrWFiYqXu776,"=""0.00000547"""
627342d33c0e7558e916ec8e0c2bad1a383f5c97e2c51bd4c0c52247282426ea,2020-12-29T14:24:35Z,bc1qr65m4xfpx6mfhjztupfczk3jkw2xlw5ty6j2pp,3L1LkuRVCnBdztdnMB9Gk58y9ZmFjWf4SQ,"=""0.00000547"""
627342d33c0e7558e916ec8e0c2bad1a383f5c97e2c51bd4c0c52247282426ea,2020-12-29T14:24:35Z,bc1qr65m4xfpx6mfhjztupfczk3jkw2xlw5ty6j2pp,37kG2toW58K94YcSr2qheWeMFi4eZninLJ,"=""0.00000547"""
627342d33c0e7558e916ec8e0c2bad1a383f5c97e2c51bd4c0c52247282426ea,2020-12-29T14:24:35Z,bc1qr65m4xfpx6mfhjztupfczk3jkw2xlw5ty6j2pp,38fg9vPoBTeUEj33HD2R744Ai6rWpP3toF,"=""0.00000547"""
53057d78445db7d80305187516c731bc63735aeefa0fcf1587d37cbe761f5edf,2020-12-03T12:00:51Z,bc1qmnkcvddee0nw7adjul6yksgyld9v74ylcy3mwh,1Lets1xxxx1use1xxxxxxxxxxxy2EaMkJ,"=""0.00000547"""
53057d78445db7d80305187516c731bc63735aeefa0fcf1587d37cbe761f5edf,2020-12-03T12:00:51Z,bc1qmnkcvddee0nw7adjul6yksgyld9v74ylcy3mwh,1fuLL1xxxx1power1xxxxxxxxxxzatvCK,"=""0.00000547"""
53057d78445db7d80305187516c731bc63735aeefa0fcf1587d37cbe761f5edf,2020-12-03T12:00:51Z,bc1qmnkcvddee0nw7adjul6yksgyld9v74ylcy3mwh,1of1xxxxx1anonymity1xxxxxxxz9JzFN,"=""0.00000547"""
53057d78445db7d80305187516c731bc63735aeefa0fcf1587d37cbe761f5edf,2020-12-03T12:00:51Z,bc1qmnkcvddee0nw7adjul6yksgyld9v74ylcy3mwh,1See1xxxx1memo1xxxxxxxxxxxxxBuhPF,"=""0.00000547"""
53057d78445db7d80305187516c731bc63735aeefa0fcf1587d37cbe761f5edf,2020-12-03T12:00:51Z,bc1qmnkcvddee0nw7adjul6yksgyld9v74ylcy3mwh,1dot1xxxxx1sv1xxxxxxxxxxxxxwYqEEt,"=""0.00000547"""
53057d78445db7d80305187516c731bc63735aeefa0fcf1587d37cbe761f5edf,2020-12-03T12:00:51Z,bc1qmnkcvddee0nw7adjul6yksgyld9v74ylcy3mwh,1topic1xxx1hmwyda1xxxxxxxxxvo8wMn,"=""0.00000547"""
53057d78445db7d80305187516c731bc63735aeefa0fcf1587d37cbe761f5edf,2020-12-03T12:00:51Z,bc1qmnkcvddee0nw7adjul6yksgyld9v74ylcy3mwh,1xxxxxxxxxxxxxxxxxxxxxxxxxy1kmdGr,"=""0.00000547"""
53057d78445db7d80305187516c731bc63735aeefa0fcf1587d37cbe761f5edf,2020-12-03T12:00:51Z,bc1qmnkcvddee0nw7adjul6yksgyld9v74ylcy3mwh,1QPhX7scs7A9yLTVRFEVpRgzrMQskETMk,"=""0.00000547"""
53057d78445db7d80305187516c731bc63735aeefa0fcf1587d37cbe761f5edf,2020-12-03T12:00:51Z,bc1qmnkcvddee0nw7adjul6yksgyld9v74ylcy3mwh,12BThwfwCQFBUorsA8wc5AFLvhfLAP4eeQ,"=""0.00000547"""
53057d78445db7d80305187516c731bc63735aeefa0fcf1587d37cbe761f5edf,2020-12-03T12:00:51Z,bc1qmnkcvddee0nw7adjul6yksgyld9v74ylcy3mwh,37zsByCrJWV6BFzfUSiUBPjCMcLHC7UYQG,"=""0.00000547"""
53057d78445db7d80305187516c731bc63735aeefa0fcf1587d37cbe761f5edf,2020-12-03T12:00:51Z,bc1qmnkcvddee0nw7adjul6yksgyld9v74ylcy3mwh,3DrfSk3XNshFK9fHY8PfTnXTTq4qpHqCft,"=""0.00000547"""
53057d78445db7d80305187516c731bc63735aeefa0fcf1587d37cbe761f5edf,2020-12-03T12:00:51Z,bc1qmnkcvddee0nw7adjul6yksgyld9v74ylcy3mwh,38RMiSy6RSWRB29fG6yVUJjsJ1MKqQuKmy,"=""0.00000547"""
53057d78445db7d80305187516c731bc63735aeefa0fcf1587d37cbe761f5edf,2020-12-03T12:00:51Z,bc1qmnkcvddee0nw7adjul6yksgyld9v74ylcy3mwh,162yiAhHLKEFG8xWdCdJRhywrSia8xrWJM,"=""0.00000547"""
53057d78445db7d80305187516c731bc63735aeefa0fcf1587d37cbe761f5edf,2020-12-03T12:00:51Z,bc1qmnkcvddee0nw7adjul6yksgyld9v74ylcy3mwh,31hknByEtwTRqkrGCJihri4esrnXceXsBf,"=""0.00000547"""
53057d78445db7d80305187516c731bc63735aeefa0fcf1587d37cbe761f5edf,2020-12-03T12:00:51Z,bc1qmnkcvddee0nw7adjul6yksgyld9v74ylcy3mwh,33gWix9mTMiPZSzJfe8XFtK6mYLt7yM6dS,"=""0.00000547"""
53057d78445db7d80305187516c731bc63735aeefa0fcf1587d37cbe761f5edf,2020-12-03T12:00:51Z,bc1qmnkcvddee0nw7adjul6yksgyld9v74ylcy3mwh,14N6fCugjhMPXxa252UiK25RA83usNkS4z,"=""0.00000547"""
53057d78445db7d80305187516c731bc63735aeefa0fcf1587d37cbe761f5edf,2020-12-03T12:00:51Z,bc1qmnkcvddee0nw7adjul6yksgyld9v74ylcy3mwh,32doK2e33KSdMUaCTwmVCUCSzu3BspiZN9,"=""0.00000547"""
53057d78445db7d80305187516c731bc63735aeefa0fcf1587d37cbe761f5edf,2020-12-03T12:00:51Z,bc1qmnkcvddee0nw7adjul6yksgyld9v74ylcy3mwh,1Sewe882Nb3P1ocPH1dqpwwYr2BxAcp1Q,"=""0.00000547"""
53057d78445db7d80305187516c731bc63735aeefa0fcf1587d37cbe761f5edf,2020-12-03T12:00:51Z,bc1qmnkcvddee0nw7adjul6yksgyld9v74ylcy3mwh,32LqMB662Vm4AwamUHC4KvhvzZpDJYaV5h,"=""0.00000547"""
53057d78445db7d80305187516c731bc63735aeefa0fcf1587d37cbe761f5edf,2020-12-03T12:00:51Z,bc1qmnkcvddee0nw7adjul6yksgyld9v74ylcy3mwh,1QLZJmthFmRUgNniTXTLRnjJwyNrEAZG48,"=""0.00000547"""
dda1ec9dda2c9f1aa55ab3918aefc8ab3370bb1fdb17d9019fddcb1f0a3636fe,2020-11-05T19:05:17Z,bc1qeg3ajxe8uayfhejmr6w5v4psz0e69n54zptm8e,1Lets1xxxx1use1xxxxxxxxxxxy2EaMkJ,"=""0.00000547"""
dda1ec9dda2c9f1aa55ab3918aefc8ab3370bb1fdb17d9019fddcb1f0a3636fe,2020-11-05T19:05:17Z,bc1qeg3ajxe8uayfhejmr6w5v4psz0e69n54zptm8e,1fuLL1xxxx1power1xxxxxxxxxxzatvCK,"=""0.00000547"""
dda1ec9dda2c9f1aa55ab3918aefc8ab3370bb1fdb17d9019fddcb1f0a3636fe,2020-11-05T19:05:17Z,bc1qeg3ajxe8uayfhejmr6w5v4psz0e69n54zptm8e,1of1xxxxx1anonymity1xxxxxxxz9JzFN,"=""0.00000547"""
dda1ec9dda2c9f1aa55ab3918aefc8ab3370bb1fdb17d9019fddcb1f0a3636fe,2020-11-05T19:05:17Z,bc1qeg3ajxe8uayfhejmr6w5v4psz0e69n54zptm8e,1See1xxxx1memo1xxxxxxxxxxxxxBuhPF,"=""0.00000547"""
dda1ec9dda2c9f1aa55ab3918aefc8ab3370bb1fdb17d9019fddcb1f0a3636fe,2020-11-05T19:05:17Z,bc1qeg3ajxe8uayfhejmr6w5v4psz0e69n54zptm8e,1dot1xxxxx1sv1xxxxxxxxxxxxxwYqEEt,"=""0.00000547"""
dda1ec9dda2c9f1aa55ab3918aefc8ab3370bb1fdb17d9019fddcb1f0a3636fe,2020-11-05T19:05:17Z,bc1qeg3ajxe8uayfhejmr6w5v4psz0e69n54zptm8e,1topic1xxx1hmwyda1xxxxxxxxxvo8wMn,"=""0.00000547"""
dda1ec9dda2c9f1aa55ab3918aefc8ab3370bb1fdb17d9019fddcb1f0a3636fe,2020-11-05T19:05:17Z,bc1qeg3ajxe8uayfhejmr6w5v4psz0e69n54zptm8e,1xxxxxxxxxxxxxxxxxxxxxxxxxy1kmdGr,"=""0.00000547"""
dda1ec9dda2c9f1aa55ab3918aefc8ab3370bb1fdb17d9019fddcb1f0a3636fe,2020-11-05T19:05:17Z,bc1qeg3ajxe8uayfhejmr6w5v4psz0e69n54zptm8e,1FWG8TM7BHvLsDfHjgLtVbZBQNitzJaMFD,"=""0.00000547"""
dda1ec9dda2c9f1aa55ab3918aefc8ab3370bb1fdb17d9019fddcb1f0a3636fe,2020-11-05T19:05:17Z,bc1qeg3ajxe8uayfhejmr6w5v4psz0e69n54zptm8e,13c1G8p93QtJ4Xntq1dcPeLcKTEhsGHHkY,"=""0.00000547"""
dda1ec9dda2c9f1aa55ab3918aefc8ab3370bb1fdb17d9019fddcb1f0a3636fe,2020-11-05T19:05:17Z,bc1qeg3ajxe8uayfhejmr6w5v4psz0e69n54zptm8e,1PL7ZZWdXwGZpwi6wzKqfuijfcymzP9QTY,"=""0.00000547"""
dda1ec9dda2c9f1aa55ab3918aefc8ab3370bb1fdb17d9019fddcb1f0a3636fe,2020-11-05T19:05:17Z,bc1qeg3ajxe8uayfhejmr6w5v4psz0e69n54zptm8e,18V3aN2Rfwo9SkcML2ADvWHiRSa8kKMkCR,"=""0.00000547"""
dda1ec9dda2c9f1aa55ab3918aefc8ab3370bb1fdb17d9019fddcb1f0a3636fe,2020-11-05T19:05:17Z,bc1qeg3ajxe8uayfhejmr6w5v4psz0e69n54zptm8e,354x5aeGd7RshuQXvnsSDVDzfSkBFgiXWh,"=""0.00000547"""
dda1ec9dda2c9f1aa55ab3918aefc8ab3370bb1fdb17d9019fddcb1f0a3636fe,2020-11-05T19:05:17Z,bc1qeg3ajxe8uayfhejmr6w5v4psz0e69n54zptm8e,bc1q4r4cslhtgrngumn9rzgd0h9lgrkfjrp37sp8d7,"=""0.00000547"""
dda1ec9dda2c9f1aa55ab3918aefc8ab3370bb1fdb17d9019fddcb1f0a3636fe,2020-11-05T19:05:17Z,bc1qeg3ajxe8uayfhejmr6w5v4psz0e69n54zptm8e,34hPSxkAqCtr7CkgnfKKAgut3ReYq5wPcb,"=""0.00000547"""
dda1ec9dda2c9f1aa55ab3918aefc8ab3370bb1fdb17d9019fddcb1f0a3636fe,2020-11-05T19:05:17Z,bc1qeg3ajxe8uayfhejmr6w5v4psz0e69n54zptm8e,1NrbySoxFRzuj6XAtefwoKw1hNsuuCssKv,"=""0.00000547"""
dda1ec9dda2c9f1aa55ab3918aefc8ab3370bb1fdb17d9019fddcb1f0a3636fe,2020-11-05T19:05:17Z,bc1qeg3ajxe8uayfhejmr6w5v4psz0e69n54zptm8e,38eZ81s6wUsGD9T3u6wk9w1qtP5HjrbSwP,"=""0.00000547"""
dda1ec9dda2c9f1aa55ab3918aefc8ab3370bb1fdb17d9019fddcb1f0a3636fe,2020-11-05T19:05:17Z,bc1qeg3ajxe8uayfhejmr6w5v4psz0e69n54zptm8e,17Tb857Ch1YJs3mfNFQY6JxisDZG6VyAK3,"=""0.00000547"""
dda1ec9dda2c9f1aa55ab3918aefc8ab3370bb1fdb17d9019fddcb1f0a3636fe,2020-11-05T19:05:17Z,bc1qeg3ajxe8uayfhejmr6w5v4psz0e69n54zptm8e,17TjgiQwPJwtn2g79g6tCwtAj2srUhp8yg,"=""0.00000547"""
dda1ec9dda2c9f1aa55ab3918aefc8ab3370bb1fdb17d9019fddcb1f0a3636fe,2020-11-05T19:05:17Z,bc1qeg3ajxe8uayfhejmr6w5v4psz0e69n54zptm8e,17SyTMse7x1rSxNAc1PbctyYKGcjSoGKN7,"=""0.00000547"""
dda1ec9dda2c9f1aa55ab3918aefc8ab3370bb1fdb17d9019fddcb1f0a3636fe,2020-11-05T19:05:17Z,bc1qeg3ajxe8uayfhejmr6w5v4psz0e69n54zptm8e,17tUmESfXrwNQK2DRmeL3Kz9PHThaFD538,"=""0.00000547"""
